Protein.Group	Protein.Ids	Protein.Names	Genes	First.Protein.Description	N.Sequences	N.Proteotypic.Sequences	ip_1	ip_2	ip_3	ip_4	ip_5	ip_6	ctrl_1	ctrl_2	ctrl_3	ctrl_4	ctrl_5	ctrl_6	ctrl_7	ctrl_8	ctrl_9
A4D1U4	A4D1U4	DENND11_HUMAN	DENND11	DENND11 (synthetic example)	3	3	1126376.8	1218598.8	1358370.4	946328.6	1546067.7	1628257.4	248680.0	208571.2	189210.1	168800.3	228255.4	205201.2	138273.1	162832.6	254997.1
O00115	O00115	DNASE2_HUMAN	DNASE2	DNASE2 (synthetic example)	3	3	944907.8	788196.9	1054350.9	776070.0	788865.0	1116262.6	179387.7	204188.6	130313.6	166602.2	114717.6	149183.4	177368.5	172934.2	173270.4
O00462	O00462	MANBA_HUMAN	MANBA	MANBA (synthetic example)	2	2	765615.9	1164172.8	929955.8	1221344.9	1151061.8	1337440.8	156769.7	235596.3	193030.2	208298.6	141322.4	161622.3	168990.2	209946.9	186787.0
O00584	O00584	RNASET2_HUMAN	RNASET2	RNASET2 (synthetic example)	2	2	1869045.6	2452697.0	5336361.6	2210212.9	3288723.3	2168295.3	179375.1	143183.0	240725.1	149799.6	200137.8	236433.7	149056.3	162142.1	195926.3
O00754	O00754	MAN2B1_HUMAN	MAN2B1	MAN2B1 (synthetic example)	3	3	3940869.9	3948764.0	4311302.4	4569137.3	2450440.7	2463188.4	210891.7	269235.9	185318.4	259217.8	155663.4	163007.6	224932.9	266234.9	155551.3
O14773	O14773	TPP1_HUMAN	TPP1	TPP1 (synthetic example)	2	2	839078.5	1062886.0	700782.2	1592998.6	1203826.0	1051811.4	174972.0	166455.0	155881.3	223988.3	165281.0	196896.2	161946.8	149794.1	142540.0
O15118	O15118	NPC1_HUMAN	NPC1	NPC1 (synthetic example)	3	3	4278204.3	2331777.7	2665914.1	2848007.0	2490263.9	3878112.9	197365.6	224528.5	206914.8	229438.0	155412.9	139003.9	210576.9	99608.1	126592.4
O43567	O43567	RNF13_HUMAN	RNF13	RNF13 (synthetic example)	2	2	700046.7	1052582.5	2012536.5	1924028.9	1214620.0	1365099.2	164678.3	220521.4	176294.6	209626.2	166287.7	304295.7	109767.5	236242.5	180704.4
O75629	O75629	CREG1_HUMAN	CREG1	CREG1 (synthetic example)	2	2	829434.1	941487.9	1043792.9	1067872.3	962777.3	876881.7	130410.3	90332.6	97923.6	172029.3	196753.0	128178.7	149973.7	103257.5	262383.1
O75955	O75955	FLOT1_HUMAN	FLOT1	FLOT1 (synthetic example)	3	3	1098657.1	970376.4	1149210.9	1127909.2	1226562.5	1084498.7	281436.1	153406.1	158467.3	148091.5	116530.1	140023.7	230460.3	182433.1	163794.8
O00203	O00203	AP3B1_HUMAN	AP3B1	AP3B1 (synthetic example)	2	2	36215.2	51657.6	38800.3	24048.8	28636.2	21112.4	333928.5	239673.0	203554.7	178129.9	174506.3	132684.6	337764.1	229434.9	243440.5
O14964	O14964	HGS_HUMAN	HGS	HGS (synthetic example)	3	3	26520.2	30148.6	28624.6	17596.8	26000.1	28837.3	169504.5	180400.4	135793.3	133576.0	95649.4	133174.4	220751.4	239196.7	212593.5
Q9BQS8	Q9BQS8	FYCO1_HUMAN	FYCO1	FYCO1 (synthetic example)	3	3	49997.4	36717.5	43464.1	38532.8	48428.3	57385.9	163108.8	184443.0	236574.7	186101.2	242917.3	248112.6	279718.3	217001.7	211131.9
A3KMH1	A3KMH1	VWA8_HUMAN	VWA8	VWA8 (synthetic example)	3	3	536944.9	533873.8	311384.7	391017.3	355234.9	377418.1	124113.6	87819.5	143398.0	81676.8	97970.6	131332.7	155010.2	115637.1	167325.7
A4D1E9	A4D1E9	GTPBP10_HUMAN	GTPBP10	GTPBP10 (synthetic example)	2	2	473474.4	863048.5	611253.5	886217.6	607683.9	767188.5	81646.5	181142.6	106167.0	106332.7	75365.8	122175.2	75631.2	108499.6	126687.0
A6NK58	A6NK58	LIPT2_HUMAN	LIPT2	LIPT2 (synthetic example)	2	2	433436.0	476207.2	487000.9	411707.2	526991.6	443272.4	131251.9	195618.8	216991.6	144771.9	159996.3	160883.5	145562.6	186664.5	90681.0
A8MXV4	A8MXV4	NUDT19_HUMAN	NUDT19	NUDT19 (synthetic example)	3	3	567845.9	480794.7	532575.7	680894.0	899883.9	794834.0	248369.9	217344.5	215708.0	208055.3	226937.0	257490.8	191891.1	168464.2	313759.9
O00142	O00142	TK2_HUMAN	TK2	TK2 (synthetic example)	3	3	424320.9	562846.9	773646.7	430336.4	1304923.7	664048.1	146364.3	90554.0	132959.3	167229.5	96956.1	81764.9	158471.1	114119.0	176749.6
O00154	O00154	ACOT7_HUMAN	ACOT7	ACOT7 (synthetic example)	2	2	15200.3	17124.6	21480.9	14098.5	18061.2	32347.6	104474.1	253055.4	134289.3	153597.0	130862.7	197770.0	163214.1	141354.2	162921.6
O00429	O00429	DNM1L_HUMAN	DNM1L	DNM1L (synthetic example)	2	2	15535.1	22063.1	23867.9	20444.7	27784.7	41366.4	149441.4	212273.5	186600.3	182299.0	130366.9	183632.7	129250.0	319056.6	179450.4
O43488	O43488	AKR7A2_HUMAN	AKR7A2	AKR7A2 (synthetic example)	3	3	19803.5	14241.0	22059.5	15756.0	22729.3	22431.0	232907.7	196737.5	201030.9	165764.2	180330.8	238656.8	176620.8	155974.6	120362.0
O43865	O43865	AHCYL1_HUMAN	AHCYL1	AHCYL1 (synthetic example)	2	2	15196.1	11973.5	28593.7	17680.3	18975.0	12767.8	184940.0	163580.2	161672.1	211331.3	152158.4	126310.0	169478.4	193807.9	92417.3
O75828	O75828	CBR3_HUMAN	CBR3	CBR3 (synthetic example)	2	2	18035.9	18753.4	22627.2	20647.4	22004.4	19530.8	205611.1	209406.3	173585.5	95555.6	116192.3	179319.7	111755.4	82145.0	97550.1
A0AVT1	A0AVT1	UBA6_HUMAN	UBA6	UBA6 (synthetic example)	2	1	212678.2	176942.6	217636.6	153859.8	200473.9	124187.3	192452.1	229745.9	156756.9	155183.0	218734.7	103025.5	183336.9	168998.9	136759.0
A0FGR8-6	A0FGR8-6	ESYT2_HUMAN	ESYT2	ESYT2 (synthetic example)	2	1	124985.5	150643.7	186405.1	134493.0	161460.9	184642.2	240986.4	221140.1	260547.6	236646.2	143254.8	188119.2	167261.6	235204.0	143543.1
A0JNW5	A0JNW5	BLTP3B_HUMAN	BLTP3B	BLTP3B (synthetic example)	2	2	219877.5	115940.6	144553.8	234894.0	192330.1	167844.2	260186.1	141179.7	133825.6	202100.4	133948.4	173466.8	125068.9	157703.5	157767.4
A0MZ66	A0MZ66	SHTN1_HUMAN	SHTN1	SHTN1 (synthetic example)	3	3	126253.4	202737.1	206122.7	301240.3	205620.2	206175.9	191119.0	205639.1	285879.2	255067.3	232259.9	157741.7	296881.8	174445.0	241578.3
A1A4S6	A1A4S6	ARHGAP10_HUMAN	ARHGAP10	ARHGAP10 (synthetic example)	2	2	94202.5	156456.9	135008.4	145189.7	152467.2	149958.3	91727.8	175090.1	135346.6	218805.8	145180.2	157098.5	192656.2	108153.8	164764.1
A1L390	A1L390	PLEKHG3_HUMAN	PLEKHG3	PLEKHG3 (synthetic example)	2	2	110721.1	100356.4	156679.7	235805.3	175279.2	213448.3	152276.9	187455.2	286756.4	157934.9	130489.3	232973.1	171905.1	170889.2	154526.7
A1L3X0	A1L3X0	ELOVL7_HUMAN	ELOVL7	ELOVL7 (synthetic example)	2	2	212543.7	129588.5	153136.7	223900.0	121124.5	101159.1	117274.9	186202.7	134897.8	126624.4	112390.8	194430.3	167024.6	182698.7	161490.9
A2A288	A2A288	ZC3H12D_HUMAN	ZC3H12D	ZC3H12D (synthetic example)	3	3	213591.8	108765.0	194673.9	144924.0	95226.0	117140.9	278605.7	203248.5	173991.4	208243.4	230307.6	158105.1	178217.1	184420.4	136093.1
A2RTX5	A2RTX5	TARS3_HUMAN	TARS3	TARS3 (synthetic example)	2	2	141224.0	161433.1	111845.5	192479.1	133217.6	179569.0	119550.5	199444.8	78609.4	128606.8	109130.1	162653.6	134384.5	120791.7	152860.4
A2RU30	A2RU30	TESPA1_HUMAN	TESPA1	TESPA1 (synthetic example)	3	3	208458.8	159922.0	167981.5	155474.7	94760.2	153716.2	170991.7	108476.5	164813.4	131060.6	153888.9	125382.1	167805.1	141296.2	198345.1
A2VDJ0	A2VDJ0	TMEM131L_HUMAN	TMEM131L	TMEM131L (synthetic example)	3	3	262072.3	347052.0	213696.3	280197.2	235895.8	312527.3	164738.0	328769.9	189697.3	294191.6	261974.9	220427.7	193349.9	200892.0	222179.1
A3KN83	A3KN83	SBNO1_HUMAN	SBNO1	SBNO1 (synthetic example)	2	2	139729.5	198534.4	128697.6	181838.2	152595.7	107922.1	177805.4	303678.3	277545.2	179108.2	208670.0	213199.8	199596.6	131057.2	167900.8
A4D1B5	A4D1B5	GSAP_HUMAN	GSAP	GSAP (synthetic example)	2	2	113168.8	172529.9	126681.5	154240.7	86702.5	120364.0	122234.4	130456.5	184814.8	195146.5	198075.1	161813.1	123066.1	92649.6	159047.3
A5PLN9	A5PLN9	TRAPPC13_HUMAN	TRAPPC13	TRAPPC13 (synthetic example)	3	3	180167.4	122974.5	121053.3	222274.4	273288.3	134234.1	182166.5	254283.3	159935.9	242562.6	280244.2	238299.3	279550.2	216070.6	254217.8
A6NDG6	A6NDG6	PGP_HUMAN	PGP	PGP (synthetic example)	1	1	221679.6	158996.3	209976.8	168997.7	185954.9	143081.3	199577.6	126442.6	149216.4	147222.3	135337.7	128693.1	176529.0	223430.8	207862.7
A6NDU8	A6NDU8	RIMOC1_HUMAN	RIMOC1	RIMOC1 (synthetic example)	2	2	212848.6	336053.9	162463.1	209391.8	243705.8	198674.2	245755.0	280403.9	108297.9	153224.7	169547.9	328419.3	279459.4	182256.2	194488.0
A6NFQ2	A6NFQ2	TCAF2_HUMAN	TCAF2	TCAF2 (synthetic example)	2	2	155594.9	177856.7	117664.5	131700.4	132007.5	163726.5	133148.1	133352.1	140814.0	114889.3	111322.9	111353.0	193444.3	303146.3	168000.0
A6NI79	A6NI79	CCDC69_HUMAN	CCDC69	CCDC69 (synthetic example)	2	2	336751.6	211324.1	222162.5	152699.8	248689.0	141849.6	150174.7	211696.0	223010.5	135758.7	95985.5	184596.8	228079.7	151929.5	191202.0
A6NIH7	A6NIH7	UNC119B_HUMAN	UNC119B	UNC119B (synthetic example)	2	2	163059.9	224605.8	133739.9	246196.4	211244.0	170126.2	125517.3	174007.2	117955.3	162059.2	169429.2	141339.8	124073.2	165368.6	227836.5
A6QL63	A6QL63	ABTB3_HUMAN	ABTB3	ABTB3 (synthetic example)	3	3	103902.9	144130.7	141682.8	126469.3	135235.4	111950.7	79071.2	153260.1	121960.1	282313.1	142521.5	161657.3	84184.5	143054.7	185617.7
A7E2V4	A7E2V4	ZSWIM8_HUMAN	ZSWIM8	ZSWIM8 (synthetic example)	3	3	155954.1	138548.6	156055.6	233111.1	251288.1	189267.7	174436.4	171683.2	96379.8	155369.3	163794.1	169374.8	176355.0	178854.1	145029.3
A8CG34	A8CG34	POM121C_HUMAN	POM121C	POM121C (synthetic example)	2	2	115609.2	147853.2	229086.8	136362.5	299737.5	386274.1	143621.9	208106.7	143075.0	150193.6	146000.4	202830.9	153737.9	128713.9	173032.7
A8MTT3	A8MTT3	CEBPZOS_HUMAN	CEBPZOS	CEBPZOS (synthetic example)	3	3	212678.3	123143.6	273197.4	215547.1	120732.4	209056.9	175239.5	101929.2	225663.5	156619.9	221240.4	158805.7	202104.4	194370.9	165845.3
A9UHW6	A9UHW6	MIF4GD_HUMAN	MIF4GD	MIF4GD (synthetic example)	2	2	211590.0	251711.5	119173.0	154669.8	225495.7	310251.5	158810.9	226752.0	168075.9	113205.9	147612.8	192310.9	97898.6	214013.7	150975.1
B0I1T2	B0I1T2	MYO1G_HUMAN	MYO1G	MYO1G (synthetic example)	3	3	176352.5	203741.3	226469.0	184856.4	189545.6	212126.2	278552.4	186423.2	244378.2	260795.8	152410.8	215133.3	174310.2	219728.5	227636.0
B2RUZ4	B2RUZ4	SMIM1_HUMAN	SMIM1	SMIM1 (synthetic example)	3	3	142154.1	112683.9	130041.2	131471.1	121007.2	126788.6	156301.2	128381.8	143787.5	176244.4	158365.6	116505.9	100896.7	154567.7	142941.5
L0R819	L0R819	ASDURF_HUMAN	ASDURF	ASDURF (synthetic example)	2	2	146947.3	117764.9	148720.2	139543.7	129842.1	110997.2	137523.4	119354.7	192319.0	85842.4	123603.0	192079.0	106644.6	90284.9	178730.9
O00182	O00182	LGALS9_HUMAN	LGALS9	LGALS9 (synthetic example)	2	2	280013.0	156972.4	248902.4	149945.2	165145.7	155244.2	291238.5	242391.4	118249.6	131806.1	99468.7	181383.5	176825.2	123706.2	189447.8
O00186	O00186	STXBP3_HUMAN	STXBP3	STXBP3 (synthetic example)	2	2	216370.2	169448.6	165203.2	162493.5	170944.1	210193.6	196874.5	222933.5	193648.7	131079.7	216080.7	321146.7	153257.3	244922.6	157136.5
O00189	O00189	AP4M1_HUMAN	AP4M1	AP4M1 (synthetic example)	3	3	145827.0	178324.2	163462.4	163994.1	136157.7	158994.7	91433.1	163877.8	145867.3	202949.2	128731.9	185549.6	189200.7	134337.1	133018.1
O00193	O00193	SMAP_HUMAN	SMAP	SMAP (synthetic example)	3	3	156262.9	115286.7	92514.1	108565.0	158382.6	161736.7	188351.6	133386.6	114536.7	133197.6	156134.7	97536.7	205382.5	135102.2	131198.9
O00257	O00257	CBX4_HUMAN	CBX4	CBX4 (synthetic example)	2	2	263838.3	123041.5	243129.1	112064.2	169013.5	136881.2	152635.5	93506.1	172756.1	152045.7	139478.8	165053.2	179206.8	314838.1	230527.2
O00258	O00258	GET1_HUMAN	GET1	GET1 (synthetic example)	2	2	136867.9	189790.8	105961.2	150563.5	142323.8	166069.0	119917.2	103686.9	127830.7	137924.3	171188.7	181028.2	163873.1	117450.5	135673.9
O00268	O00268	TAF4_HUMAN	TAF4	TAF4 (synthetic example)	3	3	127103.9	143222.5	124074.5	93688.8	180530.9	174059.1	99575.2	179904.4	109072.0	98429.6	151666.6	189983.9	122393.0	94347.1	148342.0
O00273	O00273	DFFA_HUMAN	DFFA	DFFA (synthetic example)	3	3	139876.2	141576.2	94407.1	146642.4	167409.6	111792.9	131649.4	106744.0	126005.5	105190.5	142481.5	103277.6	220773.4	132154.5	123562.4
O00287	O00287	RFXAP_HUMAN	RFXAP	RFXAP (synthetic example)	3	3	174331.9	130348.3	113434.9	204503.7	198948.1	128737.2	108783.6	117714.3	163168.0	164211.7	141684.2	156545.3	126671.6	153648.0	189166.7
O00291	O00291	HIP1_HUMAN	HIP1	HIP1 (synthetic example)	2	2	161567.1	154579.2	155356.5	142819.3	134728.1	118357.8	147391.1	180806.2	211579.7	171092.0	111873.7	137780.7	230459.3	117787.1	237393.3
O00391	O00391	QSOX1_HUMAN	QSOX1	QSOX1 (synthetic example)	2	2	239812.5	208731.9	226979.9	149715.3	124745.5	141416.3	192057.1	167179.3	174029.1	170840.4	114926.0	166509.4	155699.1	134239.0	138789.8
O00425	O00425	IGF2BP3_HUMAN	IGF2BP3	IGF2BP3 (synthetic example)	2	2	150341.2	119663.6	166627.4	263628.8	192763.8	132064.9	225656.4	162112.6	186416.5	169575.0	169359.8	190946.9	157364.8	115139.8	160340.2
O00442	O00442	RTCA_HUMAN	RTCA	RTCA (synthetic example)	2	2	155307.9	174110.9	159483.2	225888.2	137894.7	167339.5	129956.5	143890.7	104237.0	186261.1	137850.0	198870.1	128410.5	165759.5	141567.8
O00443	O00443	PIK3C2A_HUMAN	PIK3C2A	PIK3C2A (synthetic example)	2	2	170191.9	132240.1	239917.6	261619.4	194553.5	185504.9	248990.3	208689.7	268218.4	258259.7	167828.3	294279.5	212782.2	179821.6	170351.7
O00459	O00459	PIK3R2_HUMAN	PIK3R2	PIK3R2 (synthetic example)	2	2	132178.9	93412.2	164438.9	121260.0	143725.9	121953.8	144979.8	117675.5	113076.4	127494.1	76262.2	125384.6	155749.6	219918.1	80194.9
O00471	O00471	EXOC5_HUMAN	EXOC5	EXOC5 (synthetic example)	3	3	200552.2	159920.6	227117.0	114493.8	164327.2	145552.5	192754.3	138825.7	158691.4	127432.2	162306.2	181348.4	130758.9	146508.2	162378.3
O00479	O00479	HMGN4_HUMAN	HMGN4	HMGN4 (synthetic example)	2	2	221246.5	211346.5	136021.9	125666.8	207895.1	195715.3	252753.6	232044.9	208795.0	209974.1	240433.5	219741.4	214434.6	194883.0	197483.2
O00481	O00481	BTN3A1_HUMAN	BTN3A1	BTN3A1 (synthetic example)	2	2	179668.2	187745.5	356442.9	150354.4	176021.7	141832.2	244546.3	150821.8	351970.5	140677.4	239061.1	227536.5	209018.9	135794.0	152631.2
O00488	O00488	ZNF593_HUMAN	ZNF593	ZNF593 (synthetic example)	3	3	117843.2	130340.8	132987.6	89620.0	138345.5	54712.7	103854.6	100028.3	72567.9	89053.2	138723.1	114714.4	134424.4	152742.1	115991.4
O00501	O00501	CLDN5_HUMAN	CLDN5	CLDN5 (synthetic example)	3	3	182818.8	222410.0	89374.9	281662.4	139811.3	179164.4	107798.6	157108.0	134716.6	128664.6	129887.2	265073.6	174918.0	118361.5	96127.5
